Alan,,Nunnelee,,House Representative,MS,RepAlanNunnelee,R,Official,,N,
Allen,,West,,House Representative,FL,AllenWest,R,Official,ElectAllenWest,Y,
Allen,,West,,House Representative,FL,ElectAllenWest,R,Campaign,AllenWest,N,
Ander,,Crenshaw,,House Representative,FL,AnderCrenshaw,R,Official,,Y,
George,,Miller,,House Representative,CA,askgeorge,D,Official,,Y,
Austin,,Scott,,House Representative,GA,AustinScottGA08,R,Official,,Y,
Spencer,,Bachus,,House Representative,AL,BachusAL06,R,Official,,Y,
Barack,,Obama,,President,DC,BarackObama,D,Official,,Y,
Bennie,,Thompson,,House Representative,MI,BennieGThompson,D,Official,,Y,
Ben,,Quayle,,House Representative,AZ,benquayle,R,Official,,Y,
Brian,,Bilbray,,House Representative,CA,BilbrayCA50,R,Official,,Y,
Bill,,Owens,,House Representative,NY,BillOwensNY,D,Official,,Y,
Billy,,Long,,House Representative,MO,auctnr1,R,Campaign,,N,"the ""billylongmo7"" account previously listed here doesn't exist. i've replaced it with this one (auctnr1), which is listed on his campaign site"
Earl,,Blumenauer,,House Representative,OR,BlumenauerMedia,D,Official,,Y,
Bob,,Gibbs,,House Representative,OH,Bob_Gibbs,R,Campaign,repbobgibbs,Y,
Bob,,Gibbs,,House Representative,OH,repbobgibbs,R,Official,Bob_Gibbs,N,
Bob,G.,Latta,,House Representative,OH,boblatta,R,Official,,Y,
Brad,,Sherman,,House Representative,CA,BradSherman,D,Official,,Y,
Bruce,,Bailey,,House Representative,IA,BruceBraley,D,Official,,Y,
Buck,,McKeon,,House Representative,CA,BuckMcKeon,R,Official,,Y,
Buddy,,Roemer,,Presidential Challenger,CA,BuddyRoemer,R,Campaign,,Y,
Herman,,Cain,,Presidential Challenger,GA,cainpress,R,Campaign,THEHermanCain,N,
Dutch,,Ruppersberger,,House Representative,MD,Call_Me_Dutch,D,Official,,Y,
Candice,,Miller,,House Representative,MI,CandiceMiller,R,Official,,Y,
Maria,,Cantwell,,Senator,WA,CantwellPress,D,Official,,Y,
Carolyn,B.,Maloney,,House Representative,NY,CarolynBMaloney,D,Official,,Y,
Cathy,,McMorris,,House Representative,WA,cathymcmorris,R,Official,,Y,
Charles,,Rangel,,House Representative,NY,cbrangel,D,Official,rangel4congress,Y,
Charles,,Rangel,,House Representative,NY,rangel4congress,D,Campaign,cbrangel,N,
Chaka,,Fattah,,House Representative,PA,chakafattah,D,Official,fattah4congress,Y,
Chaka,,Fattah,,House Representative,PA,fattah4congress,D,Campaign,chakafattah,N,
Chellie,,Pingree,,House Representative,ME,chelliepingree,D,Official,,Y,
Chris,,van Hollen,,House Representative,LA,ChrisVanHollen,D,Official,,Y,
Chuck,,Grassley,,Senator,IA,ChuckGrassley,R,Official,,Y,
Chuck,,Schumer,,Senator,NY,ChuckSchumer,D,Official,,Y,
Claire,,McCaskill,,Senator,MO,clairecmc,D,Official,mccaskill2012,Y,
Claire,,McCaskill,,Senator,MO,mccaskill2012,D,Campaign,clairecmc,N,
James,E.,Clyburn,,House Representative,SC,Clyburn,D,Official,,Y,
Colleen,,Hanabusa,,House Representative,HI,ColleenHanabusa,D,Campaign,rephanabusa,Y,
Colleen,,Hanabusa,,House Representative,HI,rephanabusa,D,Official,ColleenHanabusa,N,
Mike,,Conaway,,House Representative,TX,ConawayTX11,R,Official,,Y,
Bill,,Posey,,House Representative,FL,congbillposey,R,Official,,Y,
Bob,,Filner,,House Representative,CA,CongBobFilner,D,Official,bobfilner,Y,
Bob,,Filner,,House Representative,CA,bobfilner,D,Campaign,CongBobFilner,N,
John,,Culberson,,House Representative,TX,CongCulberson,R,Official,,Y,
Tim,,Huelskamp,,House Representative,KS,CongHuelskamp,R,Official,,Y,
Jeff,,Miller,,House Representative,FL,CongJeffMiller,R,Official,,N,@CongJeffMiller is not a current twitter handle. He does not appear to have any active twitter presence at this time.
Joe,,Wilson,,House Representative,SC,CongJoeWilson,R,Campaign,USRepJoeWilson,Y,
Joe,,Wilson,,House Representative,SC,USRepJoeWilson,R,Official,CongJoeWilson,N,
Mike,,Simpson,,House Representative,ID,CongMikeSimpson,R,Official,mikesimpson4id,Y,
Mike,,Simpson,,House Representative,ID,mikesimpson4id,R,Campaign,CongMikeSimpson,N,
Dan,,Benishek,,House Representative,MI,CongressmanDan,R,Official,Benishek,Y,
Dan,,Benishek,,House Representative,MI,Benishek,R,Campaign,CongressmanDan,N,
Glenn,"""GT""",Thompson,,House Representative,PA,CongressmanGT,R,Official,,Y,
Cynthia,,Lummis,,House Representative,WY,CynthiaLummis,R,Official,,Y,
Dana,,Rohrabacher,,House Representative,CA,DanaRohrabacher,R,Campaign,,Y,
Daniel,,Inouye,,Senator,HI,Daniel_Inouye,D,Official,teamdaninouye,Y,
Daniel,,Inouye,,Senator,HI,teamdaninouye,D,Campaign,Daniel_Inouye,N,
Darrel,, Issa,,House Representative,CA,DarrellIssa,R,Official,congressmanissa,Y,
Darrel,, Issa,,House Representative,CA,congressmanissa,R,Campaign,DarrellIssa,N,
Dave,,Reichert,,House Representative,WA,davereichert,R,Official,TeamReichert,Y,
Dave,,Reichert,,House Representative,WA,TeamReichert,R,Campaign,davereichert,N,
David,,Vitter,,Senator,LA,DavidVitter,R,Campaign,,Y,
Dean,,Heller,,Senator,NV,DeanHeller,R,Campaign,SenDeanHeller,Y,
Dean,,Heller,,Senator,NV,SenDeanHeller,R,Official,DeanHeller,N,
Donna,,Christensen,,House Representative,VI,DelegateDonna,D,Official,,Y,
Dennis,,Kucinich,,House Representative,OH,Dennis_Kucinich,D,Campaign,,Y,
Denny,,Rehberg,,House Representative,MT,DennyRehberg,R,Official,Rehberg2012,Y,
Denny,,Rehberg,,House Representative,MT,Rehberg2012,R,Campaign,DennyRehberg,N,
Devin,,Nunes,,House Representative,CA,DevinNunes,R,Official,,Y,
Don,,Manzullo,,House Representative,IL,donmanzullo,R,Official,manzullohq,Y,
Don,,Manzullo,,House Representative,IL,manzullohq,R,Campaign,donmanzullo,N,
Doris,,Matsui,,House Representative,CA,DorisMatsui,D,Official,,Y,
Phil,,Roe,,House Representative,TN,DrPhilRoe,R,Official,,Y,
Ed,,Towns,,House Representative,NY,EdTowns,D,Official,,Y,
Eleanor,,Holmes-Norton,,House Representative,DC,EleanorNorton,D,Official,,Y,
Elton,,Gallegly,,House Representative,CA,eltongallegly24,R,Official,,Y,
Erik,,Paulsen,,House Representative,MN,Erik_Paulsen,R,Campaign,RepErikPaulsen,Y,
Erik,,Paulsen,,House Representative,MN,RepErikPaulsen,R,Official,Erik_Paulsen,N,
Blake,,Farenthold,,House Representative,TX,farenthold,R,Official,elect_blake,Y,
Blake,,Farenthold,,House Representative,TX,elect_blake,R,Campaign,farenthold,N,
Frank,,Guinta,,House Representative,NH,frankguinta,R,Campaign,repfrankguinta,Y,
Frank,,Guinta,,House Representative,NH,repfrankguinta,R,Official,frankguinta,N,
Frank,,Lautenberg,,Senator,NJ,FrankLautenberg,D,Official,,Y,
Frank,,Pallone,,House Representative,NJ,FrankPallone,D,Official,TeamPallone,Y,
Frank,,Pallone,,House Representative,NJ,TeamPallone,D,Campaign,FrankPallone,N,
Fred,,Karger,,Presidential Challenger,,fredkarger,R,Campaign,,Y,** Not sure if this guy is in / running for Congress. You should double check him. 
Gabrielle,"""Gabby""",Giffords,,House Representative,AZ,GabbyGiffords,D,Campaign,,Y,** Resigned from Congress. 
Gerry,,Connolly,,House Representative,VA,GerryConnolly,D,Official,ElectConnolly,Y,
Gerry,,Connolly,,House Representative,VA,ElectConnolly,D,Campaign,GerryConnolly,N,
Eric,,Cantor,,House Representative,VA,GOPLeader,R,Official,,Y,
Kevin,,McCarthy,,House Representative,CA,GOPWhip,R,Official,kevinomccarthy,Y,
Kevin,,McCarthy,,House Representative,CA,kevinomccarthy,R,Campaign,GOPWhip,N,
Gary,,Johnson,,Presidential Challenger,,GovGaryJohnson,R,Campaign,,Y,
Grace,,Napolitano,,House Representative,CA,gracenapolitano,D,Official,grace4congress,Y,
Grace,,Napolitano,,House Representative,CA,grace4congress,D,Campaign,gracenapolitano,N,
Lindsey,,Graham,,Senator,SC,GrahamBlog,R,Official,lindseygrahamsc,Y,
Lindsey,,Graham,,Senator,SC,lindseygrahamsc,R,Campaign,GrahamBlog,N,
Gregg,,Harper,,House Representative,MS,GreggHarper,R,Official,HarperCampaign,Y,
Gregg,,Harper,,House Representative,MS,HarperCampaign,R,Campaign,GreggHarper,N,
Gregory,,Meeks,,House Representative,NY,GregoryMeeks,D,Official,,Y,
Joe,,Heck,,House Representative,NV,Heck4Nevada,R,Campaign,RepJoeHeck,Y,
Joe,,Heck,,House Representative,NV,RepJoeHeck,R,Official,Heck4Nevada,N,
Jaime,,Herrera Beutler,,House Representative,WA,HerreraBeutler,R,Official,JaimeLHerrera,Y,
Jaime,,Herrera Beutler,,House Representative,WA,JaimeLHerrera,R,Campaign,HerreraBeutler,N,
Howard,,Coble,,House Representative,NC,HowardCoble,R,Official,,Y,
Jack,,Kingston,,House Representative,GA,JackKingston,R,Official,,Y,
Sheila,,Jackson Lee,,House Representative,TX,JacksonLeeTX18,D,Official,jacksonlee18,Y,
Sheila,,Jackson Lee,,House Representative,TX,jacksonlee18,D,Campaign,JacksonLeeTX18,N,
Jim,,Himes,,House Representative,CT,jahimes,D,Official,,Y,
Jan,,Schakowsky,,House Representative,IL,janschakowsky,D,Official,repschakowsky,Y,
Jan,,Schakowsky,,House Representative,IL,repschakowsky,D,Campaign,janschakowsky,N,
Jared,,Polis,,House Representative,CO,jaredpolis,D,Campaign,reppolispress,Y,
Jared,,Polis,,House Representative,CO,reppolispress,D,Official,jaredpolis,N,
Jason,,Chaffetz,,House Representative,UT,jasoninthehouse,R,Official,,Y,
Jeanne,,Shaheen,,Senator,NH,jeanneshaheen,D,Campaign,SenatorShaheen,Y,
Jeanne,,Shaheen,,Senator,NH,SenatorShaheen,D,Official,jeanneshaheen,N,
Jeff,,Flake,,House Representative,AZ,JeffFlake,R,Official,flakeforsenate,Y,
Jeff,,Flake,,House Representative,AZ,flakeforsenate,R,Campaign,JeffFlake,N,House rep running for Senate
Jeff,,Fortenberry,,House Representative,NE,JeffFortenberry,R,Official,,Y,
Jerry,,Costello,,House Representative,IL,JerryCostello,D,Official,,Y,
Jerry,,McNerney,,House Representative,CA,jerrymcnerney,D,Campaign,RepMcNerney,Y,
Jerry,,McNerney,,House Representative,CA,RepMcNerney,D,Official,jerrymcnerney,N,
Jerry,,Moran,,Senator,KS,JerryMoran,R,Official,moranforkansas,Y,
Jerry,,Moran,,Senator,KS,moranforkansas,R,Campaign,JerryMoran,N,
Jim,,Jordan,,House Representative,OH,Jim_Jordan,R,Official,,Y,
Jim,,Moran,,House Representative,VA,Jim_Moran,D,Official,,Y,
Jim,,DeMint,,Senator,SC,JimDeMint,R,Campaign,,Y,
Jim,,Gerlach,,House Representative,PA,JimGerlach,R,Official,,Y,
Jim,,Inhofe,,Senator,OK,jiminhofe,R,Campaign,inhofepress,Y,
Jim,,Inhofe,,Senator,OK,inhofepress,R,Official,jiminhofe,N,
Jim,,Langevin,,House Representative,RI,jimlangevin,D,Official,,Y,
Joe,,Lieberman,,Senator,CT,JoeLieberman,I,Official,,Y,
John,,Dingell,,House Representative,MI,john_dingell,D,Official,teamdingell,Y,
John,,Dingell,,House Representative,MI,teamdingell,D,Campaign,john_dingell,N,
John,,Boozeman,,Senator,AR,JohnBoozman,R,Official,boozman4AR,Y,
John,,Boozeman,,Senator,AR,boozman4AR,R,Campaign,JohnBoozman,N,
John,,Carney,,House Representative,DE,JohnCarneyDE,D,Official,John_Carney,Y,
John,,Carney,,House Representative,DE,John_Carney,D,Campaign,JohnCarneyDE,N,
John,,Cornyn,,Senator,TX,JohnCornyn,R,Campaign,,Y,
John,,Kerry,,Senator,MA,JohnKerry,D,Official,,Y,
Jon,,Huntsman,,Governor,UT,JonHuntsman,R,Official,jon2012hq,Y,
Jon,,Huntsman,,Governor,UT,jon2012hq,R,Campaign,JonHuntsman,N,
John,,Carter,,House Representative,TX,JudgeCarter,R,Official,RepJohnCarter,Y,
John,,Carter,,House Representative,TX,RepJohnCarter,R,Campaign,JudgeCarter,N,
Ted,,Poe,,House Representative,TX,JudgeTedPoe,R,Official,,Y,
Judy,,Biggert,,House Representative,IL,JudyBiggert,R,Official,Biggert2012,Y,
Judy,,Biggert,,House Representative,IL,Biggert2012,R,Campaign,JudyBiggert,N,
Kay,,Bailey Hutchison,,Senator,TX,kaybaileyhutch,R,Official,,Y,
Keith,,Ellison,,House Representative,MN,keithellison,D,Official,EllisonCampaign,Y,
Keith,,Ellison,,House Representative,MN,EllisonCampaign,D,Campaign,keithellison,N,
Kelly,,Ayotte,,Senator,NH,KellyAyotte,R,Official,,Y,
Ken,,Calvert,,House Representative,CA,KenCalvert,R,Official,TeamCalvert,Y,
Ken,,Calvert,,House Representative,CA,TeamCalvert,R,Campaign,KenCalvert,N,
Kevin,,Yoder,,House Representative,KS,KevinYoder,R,Campaign,RepKevinYoder,Y,
Kevin,,Yoder,,House Representative,KS,RepKevinYoder,R,Official,KevinYoder,N,
Lamar,,Smith,,House Representative,TX,LamarSmithTX21,R,Official,,Y,
Rick,,Larsen,,House Representative,WA,larsenrick,D,Campaign,RepRickLarsen,Y,
Rick,,Larsen,,House Representative,WA,RepRickLarsen,D,Official,larsenrick,N,
Lee,,Terry,,House Representative,NE,LEETERRYNE,R,Official,leeterry2012,Y,
Lee,,Terry,,House Representative,NE,leeterry2012,R,Campaign,LEETERRYNE,N,
Leonard,,Boswell,,House Representative,IA,LeonardBoswell,D,Official,,Y,
Lisa,,Murkowski,,Senator,AK,lisamurkowski,R,Official,Lisa4Senate,Y,
Lisa,,Murkowski,,Senator,AK,Lisa4Senate,R,Campaign,lisamurkowski,N,
Loretta,,Sanchez,,House Representative,CA,LorettaSanchez,D,Official,,Y,
Louise,,Slaughter,,House Representative,NY,louiseslaughter,D,Official,VoteLouise2012,Y,
Louise,,Slaughter,,House Representative,NY,VoteLouise2012,D,Campaign,louiseslaughter,N,
Mac,,Thornberry ,,House Representative,TX,MacTXPress,R,Official,,Y,
Marcia,,Fudge,,House Representative,OH,RepMarciaFudge,D,Official,mlfudge,N,
Marcia,,Fudge,,House Representative,OH,mlfudge,D,Campaign,RepMarciaFudge,N,
Mario,,Diaz-Balart,,House Representative,FL,MarioDB,R,Official,mariodiazbalart,Y,
Mario,,Diaz-Balart,,House Representative,FL,mariodiazbalart,R,Campaign,MarioDB,N,
Ed,,Markey,,House Representative,MA,MarkeyMemo,D,Official,,Y,
Mark,,Udall,,Senator,CO,MarkUdall,D,Official,,Y,
Mark,,Warner,,Senator,VA,MarkWarner,D,Official,,Y,
Marlin,,Stutzman,,House Representative,IN,MarlinStutzman,R,Campaign,RepStutzman,Y,
Marlin,,Stutzman,,House Representative,IN,RepStutzman,R,Official,MarlinStutzman,N,
Marsha,,Blackburn,,House Representative,TN,MarshaBlackburn,R,Official,votemarsha,Y,
Marsha,,Blackburn,,House Representative,TN,votemarsha,R,Campaign,MarshaBlackburn,N,
,,,,,,martharoby,,,,Y,Delete this account
Martha,,Roby,,House Representative,AL,RepMarthaRoby,R,Official,,N,
Mary,Bono,Mack,,House Representative,CA,MaryBonoMack,R,Campaign,Rep_BonoMack,Y,
Mary,Bono,Mack,,House Representative,CA,Rep_BonoMack,R,Official,MaryBonoMack,N,
Maurice,,Hinchey,,House Representative,NY,mauricehinchey,D,Official,,Y,
Maxine,,Waters,,House Representative,CA,MaxineWaters,D,Official,WatersCampaign,Y,
Maxine,,Waters,,House Representative,CA,WatersCampaign,D,Campaign,MaxineWaters,N,"account hasn't tweeted anything, but it's live"
Mazie,,Hirono,,House Representative,HI,maziehirono,D,Official,mazieforhawaii,Y,
Mazie,,Hirono,,House Representative,HI,mazieforhawaii,D,Campaign,maziehirono,N,House rep running for Senate
Michael,,McCaul,,House Representative,TX,McCaulPressShop,R,Official,,Y,
Mitch,,McConnell,,Senator,KY,McConnellPress,R,Official,team_mitch,Y,
Mitch,,McConnell,,Senator,KY,team_mitch,R,Campaign,McConnellPress,N,
Mel,,Watt,,House Representative,NC,MelWattNC12,D,Official,,Y,
Michael,C.,Burgess,M.D.,House Representative,TX,michaelcburgess,R,Official,,Y,
Michele,,Bachmann,,House Representative,MN,MicheleBachmann,R,Official,teambachmann,Y,
Michele,,Bachmann,,House Representative,MN,teambachmann,R,Campaign,MicheleBachmann,N,
Mick,,Mulvaney,,House Representative,SC,MickMulvaney,R,Campaign,RepMickMulvaney,Y,
Mick,,Mulvaney,,House Representative,SC,RepMickMulvaney,R,Official,MickMulvaney,N,
Mike,,Johanns,,Senator,NE,Mike_Johanns,R,Official,,Y,
Mike,,Pompeo,,House Representative,KS,mikepompeo,R,Campaign,repmikepompeo,Y,
Mike,,Pompeo,,House Representative,KS,repmikepompeo,R,Official,mikepompeo,N,
Mitt,,Romney,,Presidential Challenger,MA,MittRomney,R,Campaign,,Y,
Nancy,,Pelosi,,House Representative,CA,NancyPelosi,D,Official,,Y,
Newt,,Gingrich,,Presidential Challenger,GA,Newt2012HQ,R,Campaign,newtgingrich,Y,
Newt,,Gingrich,,Presidential Challenger,GA,newtgingrich,R,Campaign,Newt2012HQ,Y,
Nita,,Lowey,,House Representative,NY,NitaLowey,D,Official,Lowey4Congress,Y,
Nita,,Lowey,,House Representative,NY,Lowey4Congress,D,Campaign,NitaLowey,N,
Niki,,Tsongas,,House Representative,MA,ntsongas,D,Campaign,nikiinthehouse,Y,
Niki,,Tsongas,,House Representative,MA,nikiinthehouse,D,Official,ntsongas,N,
Pete,,Olson,,House Representative,TX,OlsonPressShop,R,Official,peteolson,Y,
Pete,,Olson,,House Representative,TX,peteolson,R,Campaign,OlsonPressShop,N,
Orrin,,Hatch,,Senator,UT,OrrinHatch,R,Campaign,SenOrrinHatch,Y,
Orrin,,Hatch,,Senator,UT,SenOrrinHatch,R,Official,OrrinHatch,N,
Pat,,Meehan,,House Representative,PA,PatMeehanPA,R,Campaign,repmeehan,Y,
Pat,,Meehan,,House Representative,PA,repmeehan,R,Official,PatMeehanPA,N,
Patrick,,McHenry,,House Representative,NC,PatrickMcHenry,R,Official,McHenryCampaign,Y,
Patrick,,McHenry,,House Representative,NC,McHenryCampaign,R,Campaign,PatrickMcHenry,N,
Patty,,Murray,,Senator,WA,PattyMurray,D,Official,murraycampaign,Y,
Patty,,Murray,,Senator,WA,murraycampaign,D,Campaign,PattyMurray,N,
Paul,,Tonko,,House Representative,NY,paultonko,D,Official,RepPaulTonko,Y,
Paul,,Tonko,,House Representative,NY,RepPaulTonko,D,Campaign,paultonko,N,
Pedro,,Pierluisi,,House Representative,PR,pedropierluisi,D,Official,,Y,
Peter,,Roskam,,House Representative,IL,PeterRoskam,R,Official,,Y,
Pete,,Sessions,,House Representative,TX,PeteSessions,R,Official,,Y,
Pete,,Stark,,House Representative,CA,petestark,D,Official,,Y,
Randy,,Forbes,,House Representative,VA,Randy_Forbes,R,Official,RepRandyForbes,Y,
Randy,,Forbes,,House Representative,VA,RepRandyForbes,R,Campaign,Randy_Forbes,N,
Randy,,Hultgren,,House Representative,IL,RandyHultgren,R,Campaign,rephultgren,Y,
Randy,,Hultgren,,House Representative,IL,rephultgren,R,Official,RandyHultgren,N,
Randy,,Neugebauer,,House Representative,TX,RandyNeugebauer,R,Official,,Y,
Raúl,R.,Labrador,,House Representative,ID,Raul_Labrador,R,Official,Labrador4Idaho,Y,
Raúl,R.,Labrador,,House Representative,ID,Labrador4Idaho,R,Campaign,Raul_Labrador,N,
Adam,,Smith,,House Representative,WA,Rep_Adam_Smith,D,Official,electadamsmith,Y,
Adam,,Smith,,House Representative,WA,electadamsmith,D,Campaign,Rep_Adam_Smith,N,
Albio,,Sires,,House Representative,NJ,Rep_Albio_Sires,D,Official,AlbioSiresNJ,Y,
Albio,,Sires,,House Representative,NJ,AlbioSiresNJ,D,Campaign,Rep_Albio_Sires,N,
Janice,,Hahn,,House Representative,CA,Rep_JaniceHahn,D,Official,janicehahn,Y,
Janice,,Hahn,,House Representative,CA,janicehahn,D,Campaign,Rep_JaniceHahn,N,
Steve,,Southerland,,House Representative,FL,Rep_Southerland,R,Official,,Y,
Steve,,Womack,,House Representative,AR,rep_stevewomack,R,Official,womack4congress,Y,
Steve,,Womack,,House Representative,AR,womack4congress,R,Campaign,rep_stevewomack,N,
Aaron ,,Schock,,House Representative,IL,repaaronschock,R,Official,AaronSchock,Y,
Aaron ,,Schock,,House Representative,IL,AaronSchock,R,Campaign,repaaronschock,N,
Adam,,Schiff,,House Representative,CA,RepAdamSchiff,D,Official,28thDistrict,Y,
Adam,,Schiff,,House Representative,CA,28thDistrict,D,Campaign,RepAdamSchiff,N,
Al,,Green,,House Representative,TX,RepAlGreen,D,Official,RepAlGreenTX,Y,
Al,,Green,,House Representative,TX,RepAlGreenTX,D,Campaign,RepAlGreen,N,
Anna,G.,Eshoo,,House Representative,CA,RepAnnaEshoo,D,Official,,Y,
Barbara,,Lee,,House Representative,CA,RepBarbaraLee,D,Official,bleeforcongress,Y,
Barbara,,Lee,,House Representative,CA,bleeforcongress,D,Campaign,RepBarbaraLee,N,
Xavier,,Becerra,,House Representative,CA,RepBecerra,D,Official,,Y,
Ben,Ray,Lujan,,House Representative,NM,repbenraylujan,D,Official,,Y,
Shelley,,Berkley,,House Representative,NV,RepBerkley,D,Official,Berkley4Senate,Y,
Shelley,,Berkley,,House Representative,NV,Berkley4Senate,D,Campaign,RepBerkley,N,House rep running for Senate
Bill,,Flores,,House Representative,TX,RepBillFlores,R,Official,flores4congress,Y,
Bill,,Flores,,House Representative,TX,flores4congress,R,Campaign,RepBillFlores,N,
Bill,,Johnson,,House Representative,OH,RepBillJohnson,R,Official,JohnsonLeads,Y,
Bill,,Johnson,,House Representative,OH,JohnsonLeads,R,Campaign,RepBillJohnson,N,
Bill,,Shuster,,House Representative,PA,RepBillShuster,R,Official,,Y,
Bobby,L.,Rush,,House Representative,IL,RepBobbyRush,D,Official,BobbyLRushMC,Y,
Bobby,L.,Rush,,House Representative,IL,BobbyLRushMC,D,Campaign,RepBobbyRush,N,
Bobby,,Scott,,House Representative,VA,repbobbyscott,D,Official,BobbyScott47,Y,
Bobby,,Scott,,House Representative,VA,BobbyScott47,D,Campaign,repbobbyscott,N,
Charles,,Boustany,,House Representative,LA,repboustany,R,Official,reelectboustany,Y,
Charles,,Boustany,,House Representative,LA,reelectboustany,R,Campaign,repboustany,N,
Bob,,Brady,,House Representative,PA,RepBrady,D,Official,bradybunchpa,Y,
Bob,,Brady,,House Representative,PA,bradybunchpa,D,Campaign,RepBrady,N,
Brian,,Higgins,,House Representative,NY,RepBrianHiggins,D,Official,higgins4wny,Y,
Brian,,Higgins,,House Representative,NY,higgins4wny,D,Campaign,RepBrianHiggins,N,
Anne,Marie,Buerkle,,House Representative,NY,RepBuerkle,R,Official,,Y,
Francisco,,Canseco,,House Representative,TX,RepCanseco,R,Official,cansecotx23,Y,
Francisco,,Canseco,,House Representative,TX,cansecotx23,R,Campaign,RepCanseco,N,
Dennis,,Cardoza,,House Representative,CA,RepCardoza,D,Official,,Y,has apparently resigned
Russ ,,Carnahan,,House Representative,MO,RepCarnahan,D,Official,,Y,
Chip,,Cravaack,,House Representative,MN,RepChipCravaack,R,Official,ChipCravaack,Y,
Chip,,Cravaack,,House Representative,MN,ChipCravaack,R,Campaign,RepChipCravaack,N,
Chris,,Gibson,,House Representative,NY,repchrisgibson,R,Official,ChrisGibsonNY,Y,
Chris,,Gibson,,House Representative,NY,ChrisGibsonNY,R,Campaign,repchrisgibson,N,
Chuck,,Fleischmann,,House Representative,TN,RepChuck,R,Official,chuck4congress,Y,
Chuck,,Fleischmann,,House Representative,TN,chuck4congress,R,Campaign,RepChuck,N,
Emanuel,,Cleaver,,House Representative,MO,repcleaver,D,Official,,Y,
Cliff,,Stearns,,House Representative,FL,RepCliffStearns,R,Official,CongStearns,Y,
Cliff,,Stearns,,House Representative,FL,CongStearns,R,Campaign,RepCliffStearns,N,
Steve,,Cohen,,House Representative,TN,RepCohen,D,Official,reelectcohen,Y,
Steve,,Cohen,,House Representative,TN,reelectcohen,D,Campaign,RepCohen,N,
Connie,,Mack,,House Representative,FL,RepConnieMack,R,Official,conniemackiv,Y,
Connie,,Mack,,House Representative,FL,conniemackiv,R,Campaign,RepConnieMack,N,
Corrine,,Brown,,House Representative,FL,RepCorrineBrown,D,Official,,Y,
,,,,,,repcory,R,,,Y,DELETE
Cory,,Gardner,,House Representative,CO,RepCoryGardner,R,Official,,,
Henry,,Cuellar,,House Representative,TX,RepCuellar,D,Official,,Y,
Dan,,Burton,,House Representative,IN,RepDanBurton,R,Official,,Y,
Dave,,Camp,,House Representative,MI,RepDaveCamp,R,Official,CampForCongress,Y,
Dave,,Camp,,House Representative,MI,CampForCongress,R,Campaign,RepDaveCamp,N,
David,,Schweikert,,House Representative,AZ,RepDavid,R,Official,DavidSchweikert,Y,
David,,Schweikert,,House Representative,AZ,DavidSchweikert,R,Campaign,RepDavid,N,
David,,Scott,,House Representative,GA,repdavidscott,D,Official,electdavidscott,Y,
David,,Scott,,House Representative,GA,electdavidscott,D,Campaign,repdavidscott,N,
Dennis,,Ross,,House Representative,FL,RepDennisRoss,R,Official,ElectDennisRoss,Y,
Dennis,,Ross,,House Representative,FL,ElectDennisRoss,R,Campaign,RepDennisRoss,N,
Diana,,DeGette,,House Representative,CO,RepDianaDeGette,D,Official,,Y,
Diane,,Black,,House Representative,TN,RepDianeBlack,R,Official,DianeBlack4Rep,Y,
Diane,,Black,,House Representative,TN,DianeBlack4Rep,R,Campaign,RepDianeBlack,N,
Robert,J.,Dold,,House Representative,IL,RepDold,R,Official,RobertDold,Y,
Robert,J.,Dold,,House Representative,IL,RobertDold,R,Campaign,RepDold,N,
Donna,F.,Edwards,,House Representative,MD,repdonnaedwards,D,Official,,Y,
Joe,,Donnelly,,House Representative,IN,RepDonnelly,D,Official,JoeforIndiana,Y,
Joe,,Donnelly,,House Representative,IN,JoeforIndiana,D,Campaign,RepDonnelly,N,House rep running for Senate
Don,,Young,,House Representative,AK,repdonyoung,R,Official,,Y,
E.B.,,Johnson,,House Representative,TX,RepEBJ,D,Official,,Y,
Ed,,Royce,,House Representative,CA,RepEdRoyce,R,Official,edrroyce,Y,
Ed,,Royce,,House Representative,CA,edrroyce,R,Campaign,RepEdRoyce,N,
Ed,,Whitfield,,House Representative,KY,RepEdWhitfield,R,Official,,Y,
Stephen,,Fincher,,House Representative,TN,RepFincherTN08,R,Official,stephenfincher,Y,
Stephen,,Fincher,,House Representative,TN,stephenfincher,R,Campaign,RepFincherTN08,N,
Mike,,Fitzpatrick,,House Representative,PA,RepFitzpatrick,R,Official,fitzpatrickpa8,Y,
Mike,,Fitzpatrick,,House Representative,PA,fitzpatrickpa8,R,Campaign,RepFitzpatrick,N,
John,,Fleming,,House Representative,LA,RepFleming,R,Official,flemingforla,Y,
John,,Fleming,,House Representative,LA,flemingforla,R,Campaign,RepFleming,N,
Fred,,Upton,,House Representative,MI,RepFredUpton,R,Official,uptonforallofus,Y,
Fred,,Upton,,House Representative,MI,uptonforallofus,R,Campaign,RepFredUpton,N,
Gary,,Ackerman,,House Representative,NY,RepGaryAckerman,D,Campaign,,Y,
Gary,,Miller,,House Representative,CA,RepGaryMiller,R,Official,GaryMillerCA,Y,
Gary,,Miller,,House Representative,CA,GaryMillerCA,R,Campaign,RepGaryMiller,N,
Gary,,Peters,,House Representative,MI,RepGaryPeters,D,Official,peters4congress,Y,
Gary,,Peters,,House Representative,MI,peters4congress,D,Campaign,RepGaryPeters,N,
Gene,,Green,,House Representative,TX,RepGeneGreen,D,Official,,Y,
Geoff,,Davis,,House Representative,KY,RepGeoffDavis,R,Official,,Y,
Rob,,Goodlatte,,House Representative,VA,RepGoodlatte,R,Official,,Y,
Paul,,Gosar,,House Representative,AZ,RepGosar,R,Official,Gosar4Congress,Y,
Paul,,Gosar,,House Representative,AZ,Gosar4Congress,R,Campaign,RepGosar,N,
Greg,,Walden,,House Representative,OR,repgregwalden,R,Official,VoteGregWalden,Y,
Greg,,Walden,,House Representative,OR,VoteGregWalden,R,Campaign,repgregwalden,N,
Gus,,Bilirakis,,House Representative,FL,RepGusBilirakis,R,Official,Bilirakis,Y,
Gus,,Bilirakis,,House Representative,FL,Bilirakis,R,Campaign,RepGusBilirakis,N,
,,,,,,repgutierrez,D,,,Y,*** Account name has changed
Luis,V.,Gutierrez,,House Representative,IL,luisgutierrez,D,Official,,N,
Gwen ,,Moore,,House Representative,WI,RepGwenMoore,D,Official,Gwen4Congress,Y,
Gwen ,,Moore,,House Representative,WI,Gwen4Congress,D,Campaign,RepGwenMoore,N,
Hank,,Johnson,,House Representative,GA,RepHankJohnson,D,Official,ReElectHank,Y,
Hank,,Johnson,,House Representative,GA,ReElectHank,D,Campaign,RepHankJohnson,N,
Hansen,,Clarke,,House Representative,MI,RepHansenClarke,D,Official,Clarke4Congress,Y,
Hansen,,Clarke,,House Representative,MI,Clarke4Congress,D,Campaign,RepHansenClarke,N,
Vicky,,Hartzler,,House Representative,MO,RepHartzler,R,Official,vickyhartzler,Y,
Vicky,,Hartzler,,House Representative,MO,vickyhartzler,R,Campaign,RepHartzler,N,
Jeb,,Hensarling,,House Representative,TX,RepHensarling,R,Official,,Y,
Howard,,Berman,,House Representative,CA,RepHowardBerman,D,Official,howardberman,Y,
Howard,,Berman,,House Representative,CA,howardberman,D,Campaign,RepHowardBerman,N,
Bill,,Huizenga,,House Representative,MI,RepHuizenga,R,Official,billhuizenga,Y,
Bill,,Huizenga,,House Representative,MI,billhuizenga,R,Campaign,RepHuizenga,N,
Jason,,Altmire,,House Representative,PA,RepJasonAltmire,D,Official,,Y,
Jeff,,Denham,,House Representative,CA,RepJeffDenham,R,Official,JeffDenham,Y,
Jeff,,Denham,,House Representative,CA,JeffDenham,R,Campaign,RepJeffDenham,N,
Jeff,,Landry,,House Representative,LA,repjefflandry,R,Official,LandryForLA,Y,
Jeff,,Landry,,House Representative,LA,LandryForLA,R,Campaign,repjefflandry,N,
Jerry,,Lewis,,House Representative,CA,RepJerryLewis,R,Official,,Y,
Jim,,Cooper,,House Representative,TN,repjimcooper,D,Official,coopforcongress,Y,
Jim,,Cooper,,House Representative,TN,coopforcongress,D,Campaign,repjimcooper,N,
Jim,,Matheson,,House Representative,UT,RepJimMatheson,D,Official,mathesonforutah,Y,
Jim,,Matheson,,House Representative,UT,mathesonforutah,D,Campaign,RepJimMatheson,N,
Jim,,McDermott,,House Representative,WA,RepJimMcDermott,D,Official,McDermott4Rep,Y,
Jim,,McDermott,,House Representative,WA,McDermott4Rep,D,Campaign,RepJimMcDermott,N,
Jim,,Renacci,,House Representative,OH,RepJimRenacci,R,Official,Renacci2012,Y,
Jim,,Renacci,,House Representative,OH,Renacci2012,R,Campaign,RepJimRenacci,N,
Jo,,Bonner,,House Representative,AL,RepJoBonner,R,Official,,Y,
Joe,,Barton,,House Representative,TX,RepJoeBarton,R,Official,barton4congress,Y,
Joe,,Barton,,House Representative,TX,barton4congress,R,Campaign,RepJoeBarton,N,
Joe,,Courtney,,House Representative,CT,RepJoeCourtney,D,Official,JoeCourtneyCT,Y,
Joe,,Courtney,,House Representative,CT,JoeCourtneyCT,D,Campaign,RepJoeCourtney,N,
Joe,,Crowley,,House Representative,NY,repjoecrowley,D,Official,,Y,
Joe,,Pitts,,House Representative,PA,RepJoePitts,R,Official,JoePitts4PA,Y,
Joe,,Pitts,,House Representative,PA,JoePitts4PA,R,Campaign,RepJoePitts,N,
Joe,,Walsh,,House Representative,IL,RepJoeWalsh,R,Official,Rep_JoeWalsh,Y,
Joe,,Walsh,,House Representative,IL,Rep_JoeWalsh,R,Campaign,RepJoeWalsh,N,
John,,Barrow,,House Representative,GA,repjohnbarrow,D,Official,Barrow4GA,Y,
John,,Barrow,,House Representative,GA,Barrow4GA,D,Campaign,repjohnbarrow,N,
John,,Campbell,,House Representative,CA,RepJohnCampbell,R,Official,,Y,
John,,Conyers,,House Representative,CA,repjohnconyers,D,Official,johnconyersjr,Y,
John,,Conyers,,House Representative,CA,johnconyersjr,D,Campaign,repjohnconyers,N,
John,,Kline,,House Representative,MN,repjohnkline,R,Official,kline4congress,Y,
John,,Kline,,House Representative,MN,kline4congress,R,Campaign,repjohnkline,N,
John,,Larson,,House Representative,CT,RepJohnLarson,D,Official,JohnLarsonCT,Y,
John,,Larson,,House Representative,CT,JohnLarsonCT,D,Campaign,RepJohnLarson,N,
John,,Lewis,,House Representative,GA,repjohnlewis,D,Official,electJohnLewis,Y,
John,,Lewis,,House Representative,GA,electJohnLewis,D,Campaign,repjohnlewis,N,
John,,Yarmuth,,House Representative,KY,RepJohnYarmuth,D,Official,,Y,
John,,Runyan,,House Representative,NJ,RepJonRunyan,R,Official,runyan2012,Y,
John,,Runyan,,House Representative,NJ,runyan2012,R,Campaign,RepJonRunyan,N,
Jose,,Serrano,,House Representative,NY,RepJoseSerrano,D,Official,,Y,
Judy,,Chu,,House Representative,CA,RepJudyChu,D,Official,judychucampaign,Y,
Judy,,Chu,,House Representative,CA,judychucampaign,D,Campaign,RepJudyChu,N,
Justin,,Amash,,House Representative,MI,repjustinamash,R,Official,justinamash,Y,
Justin,,Amash,,House Representative,MI,justinamash,R,Campaign,repjustinamash,N,
Karen,,Bass,,House Representative,CA,RepKarenBass,D,Official,KarenBassTweets,Y,
Karen,,Bass,,House Representative,CA,KarenBassTweets,D,Campaign,RepKarenBass,N,
Kathy,,Hochul,,House Representative,NY,RepKathyHochul,D,Official,,Y,
Kay,,Granger,,House Representative,TX,RepKayGranger,R,Official,,Y,same official / campaign accounts
Kenny,,Marchant,,House Representative,TX,RepKenMarchant,R,Official,MarchantforTX24,Y,
Kenny,,Marchant,,House Representative,TX,MarchantforTX24,R,Campaign,RepKenMarchant,N,
Kevin,,Brady,,House Representative,TX,RepKevinBrady,R,Official,bradyfortexas,Y,
Kevin,,Brady,,House Representative,TX,bradyfortexas,R,Campaign,RepKevinBrady,N,
Adam,,Kinzinger,,House Representative,IL,RepKinzinger,R,Official,electadam,Y,
Adam,,Kinzinger,,House Representative,IL,electadam,R,Campaign,RepKinzinger,N,
Kristi,,Noem,,House Representative,SD,RepKristiNoem,R,Official,KristiNoem,Y,
Kristi,,Noem,,House Representative,SD,KristiNoem,R,Campaign,RepKristiNoem,N,
James,,Lankford,,House Representative,OK,RepLankford,R,Official,jameslankford,Y,
James,,Lankford,,House Representative,OK,jameslankford,R,Campaign,RepLankford,N,
Larry,,Bucshon,,House Representative,IN,RepLarryBucshon,R,Official,larry_bucshon,Y,
Larry,,Bucshon,,House Representative,IN,larry_bucshon,R,Campaign,RepLarryBucshon,N,
Larry,,Kissell,,House Representative,NC,RepLarryKissell,D,Official,,Y,
Lloyd,,Doggett,,House Representative,TX,RepLloydDoggett,D,Official,lloyddoggetttx,Y,
Lloyd,,Doggett,,House Representative,TX,lloyddoggetttx,D,Campaign,RepLloydDoggett,N,
Frank,,LoBiondo,,House Representative,NJ,RepLoBiondo,R,Official,LoBiondo2012,Y,
Frank,,LoBiondo,,House Representative,NJ,LoBiondo2012,R,Campaign,RepLoBiondo,N,
Lou,,Barletta,,House Representative,PA,RepLouBarletta,R,Official,loubarletta,Y,
Lou,,Barletta,,House Representative,PA,loubarletta,R,Campaign,RepLouBarletta,N,
Louie,,Gohmert,,House Representative,TX,replouiegohmert,R,Official,,Y,
Laura,,Richardson,,House Representative,CA,RepLRichardson,D,Official,,Y,same official / campaign accounts
Lynn,,Jenkins,,House Representative,KS,RepLynnJenkins,R,Official,lynnforcongress,Y,
Lynn,,Jenkins,,House Representative,KS,lynnforcongress,R,Campaign,RepLynnJenkins,N,
Lynn,,Woolsey,,House Representative,CA,RepLynnWoolsey,D,Official,,Y,
Mark,,Critz,,House Representative,PA,RepMarkCritz,D,Official,critz4congress,Y,
Mark,,Critz,,House Representative,PA,critz4congress,D,Campaign,RepMarkCritz,N,
Carolyn,,McCarthy,,House Representative,NY,repmccarthyny,D,Official,carolynmccarthy,Y,
Carolyn,,McCarthy,,House Representative,NY,carolynmccarthy,D,Campaign,repmccarthyny,N,
Tom,,McClintock,,House Representative,CA,RepMcClintock,R,Official,tommcclintock,Y,
Tom,,McClintock,,House Representative,CA,tommcclintock,R,Campaign,RepMcClintock,N,
Jim,,McGovern,,House Representative,MA,RepMcGovern,D,Official,mcgovernma,Y,
Jim,,McGovern,,House Representative,MA,mcgovernma,D,Campaign,RepMcGovern,N,
David,B.,McKinley,,House Representative,WV,RepMcKinley,R,Official,mckinley4cong,Y,
David,B.,McKinley,,House Representative,WV,mckinley4cong,R,Campaign,RepMcKinley,N,
Morgan,,Griffith,,House Representative,VA,RepMGriffith,R,Official,MorganGriffith,Y,
Morgan,,Griffith,,House Representative,VA,MorganGriffith,R,Campaign,RepMGriffith,N,
Mike,,Coffman,,House Representative,CO,RepMikeCoffman,R,Official,coffmanforco,Y,
Mike,,Coffman,,House Representative,CO,coffmanforco,R,Campaign,RepMikeCoffman,N,
Mike,,Honda,,House Representative,CA,RepMikeHonda,D,Official,mikehonda17,Y,
Mike,,Honda,,House Representative,CA,mikehonda17,D,Campaign,RepMikeHonda,N,
Mike,,McIntyre,,House Representative,NC,RepMikeMcIntyre,D,Official,MikeMcIntyreNC,Y,
Mike,,McIntyre,,House Representative,NC,MikeMcIntyreNC,D,Campaign,RepMikeMcIntyre,N,
Mike,,Michaud,,House Representative,ME,RepMikeMichaud,D,Official,,Y,
Mike,,Pence,,House Representative,IN,RepMikePence,R,Official,PenceCampaign,Y,
Mike,,Pence,,House Representative,IN,PenceCampaign,R,Campaign,RepMikePence,N,
Mike,,Quigley,,House Representative,IL,RepMikeQuigley,D,Official,QuigleyCampaign,Y,
Mike,,Quigley,,House Representative,IL,QuigleyCampaign,D,Campaign,RepMikeQuigley,N,
Mike,,Rogers,,House Representative,AL,RepMikeRogersAL,R,Official,mikerogerscamp,Y,
Mike,,Rogers,,House Representative,AL,mikerogerscamp,R,Campaign,RepMikeRogersAL,N,
Mike,,Ross,,House Representative,AR,RepMikeRoss,D,Official,MikeRossUpdates,Y,
Mike,,Ross,,House Representative,AR,MikeRossUpdates,D,Campaign,RepMikeRoss,N,
Mike,,Turner,,House Representative,OH,RepMikeTurner,R,Official,MikeTurnerOH,Y,
Mike,,Turner,,House Representative,OH,MikeTurnerOH,R,Campaign,RepMikeTurner,N,
Mo,,Brooks,,House Representative,AL,RepMoBrooks,R,Official,,Y,
Nan,,Hayworth,,House Representative,NY,RepNanHayworth,R,Official,NanHayworth,Y,
Nan,,Hayworth,,House Representative,NY,NanHayworth,R,Campaign,RepNanHayworth,N,
Norm,,Dicks,,House Representative,WA,RepNormDicks,D,Official,norm4congress,Y,
Norm,,Dicks,,House Representative,WA,norm4congress,D,Campaign,RepNormDicks,N,
Paul,,Broun,,House Representative,GA,RepPaulBrounMD,R,Official,PaulBrounforGA,Y,
Paul,,Broun,,House Representative,GA,PaulBrounforGA,R,Campaign,RepPaulBrounMD,N,
Paul,,Ryan,,House Representative,WI,RepPaulRyan,R,Official,PaulRyanVP,Y,
Paul,,Ryan,,House Representative,WI,PaulRyanVP,R,Campaign,RepPaulRyan,Y,
Ed,,Perlmutter,,House Representative,CO,RepPerlmutter,D,Official,Ed4Colorado,Y,
Ed,,Perlmutter,,House Representative,CO,Ed4Colorado,D,Campaign,RepPerlmutter,N,
Pete,,King,,House Representative,NY,RepPeteKing,R,Official,,Y,
Peter,,DeFazio,,House Representative,OR,RepPeterDeFazio,D,Official,,Y,
Phil,,Gingrey,,House Representative,GA,RepPhilGingrey,R,Official,,Y,
Raúl,,Grijalva,,House Representative,AZ,RepRaulGrijalva,D,Official,standwithraul,Y,
Raúl,,Grijalva,,House Representative,AZ,standwithraul,D,Campaign,RepRaulGrijalva,N,
Renee,,Ellmers,,House Representative,NC,RepReneeEllmers,R,Official,Renee4Congress,Y,
Renee,,Ellmers,,House Representative,NC,Renee4Congress,R,Campaign,RepReneeEllmers,N,
Reid,,Ribble,,House Representative,WI,RepRibble,R,Official,reidribble,Y,
Reid,,Ribble,,House Representative,WI,reidribble,R,Campaign,RepRibble,N,
Richard,,Hanna,,House Representative,NY,RepRichardHanna,R,Official,hanna4congress,Y,
Richard,,Hanna,,House Representative,NY,hanna4congress,R,Campaign,RepRichardHanna,N,
Cedric,,Richmond,,House Representative,LA,RepRichmond,D,Official,cedricrichmond,Y,
Cedric,,Richmond,,House Representative,LA,cedricrichmond,D,Campaign,RepRichmond,N,
Rich,,Nugent,,House Representative,FL,reprichnugent,R,Official,Nugent4Congress,Y,
Rich,,Nugent,,House Representative,FL,Nugent4Congress,R,Campaign,reprichnugent,N,
Rick,,Berg,,House Representative,ND,RepRickBerg,R,Official,RickBergND,Y,
Rick,,Berg,,House Representative,ND,RickBergND,R,Campaign,RepRickBerg,N,house rep running for senate
Rick,,Crawford,,House Representative,AR,RepRickCrawford,R,Official,crawford4cong,Y,
Rick,,Crawford,,House Representative,AR,crawford4cong,R,Campaign,RepRickCrawford,N,
David,,Rivera,,House Representative,FL,RepRivera,R,Official,DavidRiveraFL,Y,
David,,Rivera,,House Representative,FL,DavidRiveraFL,R,Campaign,RepRivera,N,
Robert,,Hurt,,House Representative,VA,RepRobertHurt,R,Official,roberthurt,Y,
Robert,,Hurt,,House Representative,VA,roberthurt,R,Campaign,RepRobertHurt,N,
Ron,,Kind,,House Representative,WI,RepRonKind,D,Official,kindforcongress,Y,
Ron,,Kind,,House Representative,WI,kindforcongress,D,Campaign,RepRonKind,N,
Sam,,Farr,,House Representative,CA,RepSamFarr,D,Official,friendsoffarr,Y,
Sam,,Farr,,House Representative,CA,friendsoffarr,D,Campaign,RepSamFarr,N,
Sandy,,Adams,,House Representative,FL,RepSandyAdams,R,Official,SandyAdams4FL07,Y,
Sandy,,Adams,,House Representative,FL,SandyAdams4FL07,R,Campaign,RepSandyAdams,N,
Sander,"""Sandy""",Levin,,House Representative,MI,repsandylevin,D,Official,,Y,
Bobby,,Schilling,,House Representative,IL,RepSchilling,R,Official,reelectbobby,Y,
Bobby,,Schilling,,House Representative,IL,reelectbobby,R,Campaign,RepSchilling,N,
Kurt,,Schrader,,House Representative,OR,RepSchrader,D,Official,,Y,
Scott,,Rigell,,House Representative,VA,RepScottRigell,R,Official,scottrigell,Y,
Scott,,Rigell,,House Representative,VA,scottrigell,R,Campaign,RepScottRigell,N,
Sean,,Duffy,,House Representative,WI,RepSeanDuffy,R,Official,duffy4congress,Y,
Sean,,Duffy,,House Representative,WI,duffy4congress,R,Campaign,RepSeanDuffy,N,
Shelley,,Capito,,House Representative,WV,RepShelley,R,Official,Capito4Congress,Y,
Shelley,,Capito,,House Representative,WV,Capito4Congress,R,Campaign,RepShelley,N,
John,,Shimkus,,House Representative,IL,RepShimkus,R,Official,,Y,
Jackie,,Speier,,House Representative,CA,RepSpeier,D,Official,JackieSpeier,Y,
Jackie,,Speier,,House Representative,CA,JackieSpeier,D,Campaign,RepSpeier,N,
Steve,,Chabot,,House Representative,OH,RepSteveChabot,R,Official,SteveChabot,Y,
Steve,,Chabot,,House Representative,OH,SteveChabot,R,Campaign,RepSteveChabot,N,
Steve,,Israel,,House Representative,NY,RepSteveIsrael,D,Official,israel4congress,Y,
Steve,,Israel,,House Representative,NY,israel4congress,D,Campaign,RepSteveIsrael,N,
Steve,,Pearce,,House Representative,NM,RepStevePearce,R,Official,Pearce4NM,Y,
Steve,,Pearce,,House Representative,NM,Pearce4NM,R,Campaign,RepStevePearce,N,
Steve,,Stivers,,House Representative,OH,RepSteveStivers,R,Official,stevestivers,Y,
Steve,,Stivers,,House Representative,OH,stevestivers,R,Campaign,RepSteveStivers,N,
Ted,,Deutch,,House Representative,FL,RepTedDeutch,D,Official,TedforCongress,Y,
Ted,,Deutch,,House Representative,FL,TedforCongress,D,Campaign,RepTedDeutch,N,
Terri,A.,Sewell,,House Representative,AL,RepTerriSewell,D,Official,sewell4congress,Y,
Terri,A.,Sewell,,House Representative,AL,sewell4congress,D,Campaign,RepTerriSewell,N,
Tim,,Griffin,,House Representative,AR,RepTimGriffin,R,Official,TimGriffinAR2,Y,
Tim,,Griffin,,House Representative,AR,TimGriffinAR2,R,Personal,RepTimGriffin,N,
Tim,,Holden,,House Representative,PA,RepTimHolden,D,Official,TimHoldenPA17,Y,
Tim,,Holden,,House Representative,PA,TimHoldenPA17,D,Campaign,RepTimHolden,N,
Tim,,Johnson,,House Representative,IL,RepTimJohnson,R,Official,,Y,
Tim,,Murphy,,House Representative,PA,RepTimMurphy,R,Official,timmurphypa,Y,
Tim,,Murphy,,House Representative,PA,timmurphypa,R,Campaign,RepTimMurphy,N,
Tim,,Ryan,,House Representative,OH,RepTimRyan,D,Official,timryan,Y,
Tim,,Ryan,,House Representative,OH,timryan,D,Campaign,RepTimRyan,N,
Tim,,Scott,,House Representative,SC,RepTimScott,R,Official,votetimscott,Y,
Tim,,Scott,,House Representative,SC,votetimscott,R,Campaign,RepTimScott,N,
Scott,,Tipton,,House Representative,CO,RepTipton,R,Official,scottrtipton,Y,
Scott,,Tipton,,House Representative,CO,scottrtipton,R,Campaign,RepTipton,N,
Todd,,Young,,House Representative,IN,RepToddYoung,R,Official,ty4c,Y,
Todd,,Young,,House Representative,IN,ty4c,R,Campaign,RepToddYoung,N,
Tom,,Graves,,House Representative,GA,RepTomGraves,R,Official,TomGravesGA14,Y,
Tom,,Graves,,House Representative,GA,TomGravesGA14,R,Campaign,RepTomGraves,N,
Tom,,Marino,,House Representative,PA,RepTomMarino,R,Official,Marino4Congress,Y,
Tom,,Marino,,House Representative,PA,Marino4Congress,R,Campaign,RepTomMarino,N,
Tom,,Price,M.D.,House Representative,GA,RepTomPrice,R,Official,tompricemd,Y,
Tom,,Price,M.D.,House Representative,GA,tompricemd,R,Campaign,RepTomPrice,N,
Trent,,Franks,,House Representative,AZ,RepTrentFranks,R,Official,,Y,Both campaign and official sites link
Pete,,Visclosky,,House Representative,IN,RepVisclosky,D,Official,,Y,
Tim,,Walberg,,House Representative,MI,RepWalberg,R,Official,Tim_Walberg,Y,
Tim,,Walberg,,House Representative,MI,Tim_Walberg,R,Campaign,RepWalberg,N,
Walter,,Jones,,House Representative,NC,RepWalterJones,R,Official,,Y,
Daniel,,Webster,,House Representative,FL,RepWebster,R,Official,WebsterCongress,Y,
Daniel,,Webster,,House Representative,FL,WebsterCongress,R,Campaign,RepWebster,N,
Lynn,,Westmoreland,,House Representative,GA,RepWestmoreland,R,Official,WestmorelandGA3,Y,
Lynn,,Westmoreland,,House Representative,GA,WestmorelandGA3,R,Campaign,RepWestmoreland,N,
Frederica,,Wilson,,House Representative,FL,RepWilson,D,Official,,Y,
Rick,,Santorum,,Presidential Challenger,PA,RickSantorum,R,Campaign,,Y,
Robert,,Aderholt,,House Representative,AL,Robert_Aderholt,R,Official,,Y,
Rob,,Portman,,Senator,OH,robportman,R,Campaign,,Y,Both campaign and official sites link
Rob,,Wittman,,House Representative,VA,RobWittman,R,Official,reelectWittman,Y,
Rob,,Wittman,,House Representative,VA,reelectWittman,R,Campaign,RobWittman,,
Rodney,,Frelinghuysen,,House Representative,NJ,rodneyfornj,R,Campaign,,Y,
Roger,,Wicker,,Senator,MS,SenatorWicker,R,Official,RogerWicker,N,
Roger,,Wicker,,Senator,MS,RogerWicker,R,Campaign,SenatorWicker,Y,
Ron,,Paul,,House Representative,TX,RepRonPaul,R,Official,RonPaul,Y,
Ron,,Paul,,House Representative,TX,RonPaul,R,Campaign,RepRonPaul,Y,Presidential campaign account...
Rosa,,DeLauro,,House Representative,CT,rosadelauro,D,Official,,Y,
Ileana,,Ros-Lehtinen,,House Representative,FL,RosLehtinen,R,Official,RosLehtinenCamp,Y,
Ileana,,Ros-Lehtinen,,House Representative,FL,RosLehtinenCamp,R,Campaign,RosLehtinen,N,
Roy,,Blunt,,Senator,MO,RoyBlunt,R,Official,,Y,
Rush,,Holt,,House Representative,NJ,RushHolt,D,Campaign,,Y,
Sam,,Johnson,,House Representative,TX,SamsPressShop,R,Official,,Y,
Sanford,D.,Bishop,Jr.,House Representative,GA,SanfordBishop,D,Official,Bishop4Congress,Y,
Sanford,D.,Bishop,Jr.,House Representative,GA,Bishop4Congress,D,Campaign,SanfordBishop,N,
Joseph,"""Joe""",Manchin,III,Senator,WV,Sen_JoeManchin,D,Official,joemanchinwv,Y,
Joseph,"""Joe""",Manchin,III,Senator,WV,joemanchinwv,D,Campaign,Sen_JoeManchin,N,
Lamar,,Alexander,,Senator,TN,SenAlexander,R,Official,,Y,
Barbara,,Mikulski,,Senator,MD,SenatorBarb,D,Official,,Y,
Mark,,Begich,,Senator,AK,SenatorBegich,D,Official,,Y,
Barbara,,Boxer,,Senator,CA,SenatorBoxer,D,Official,BarbaraBoxer,Y,
Barbara,,Boxer,,Senator,CA,BarbaraBoxer,D,Campaign,SenatorBoxer,N,
Richard,,Burr,,Senator,NC,SenatorBurr,R,Official,burrforsenate,Y,
Richard,,Burr,,Senator,NC,burrforsenate,R,Campaign,SenatorBurr,N,
Ben,,Cardin,,Senator,MD,SenatorCardin,D,Official,BenCardinforMD,Y,
Ben,,Cardin,,Senator,MD,BenCardinforMD,D,Campaign,SenatorCardin,N,
Tom,,Carper,,Senator,DE,SenatorCarper,D,Official,TomCarperforDE,Y,
Tom,,Carper,,Senator,DE,TomCarperforDE,D,Campaign,SenatorCarper,N,
Susan,,Collins,,Senator,ME,SenatorCollins,R,Official,,Y,
Dick,,Durbin,,Senator,IL,SenatorDurbin,D,Official,,Y,
Kay,,Hagan,,Senator,NC,SenatorHagan,D,Official,,Y,
Tom,,Harkin,,Senator,IA,SenatorHarkin,D,Official,,Y,
Mark,,Kirk,,Senator,IL,SenatorKirk,R,Official,MarkKirk,Y,
Mark,,Kirk,,Senator,IL,MarkKirk,R,Campaign,SenatorKirk,N,
Patrick,,Leahy,,Senator,VT,SenatorLeahy,D,Official,,Y,
Richard,"""Dick""",Lugar,,Senator,IN,senatorlugar,R,Official,dicklugar,Y,
Richard,"""Dick""",Lugar,,Senator,IN,dicklugar,R,Campaign,senatorlugar,N,
Robert,"""Bob""",Menendez,,Senator,NJ,SenatorMenendez,D,Official,Menendez4NJ,Y,
Robert,"""Bob""",Menendez,,Senator,NJ,Menendez4NJ,D,Campaign,SenatorMenendez,N,
Harry,,Reid,,Senator,NV,SenatorReid,D,Official,HarryReid,Y,
Harry,,Reid,,Senator,NV,HarryReid,D,Campaign,SenatorReid,N,
Jeff,,Sessions,,Senator,AL,SenatorSessions,R,Official,,Y,
Olympia,J.,Snowe,,Senator,ME,SenatorSnowe,R,Official,OlympiasList,Y,
Olympia,J.,Snowe,,Senator,ME,OlympiasList,R,Campaign,SenatorSnowe,N,Her campaign site is down...
Tom,,Udall,,Senator,NM,SenatorTomUdall,D,Official,,Y,
Ben,,Nelson,,Senator,NE,SenBenNelson,D,Official,bennelson2012,Y,
Ben,,Nelson,,Senator,NE,bennelson2012,D,Campaign,SenBenNelson,N,
Michael,,Bennet,,Senator,CO,SenBennetCO,D,Official,BennetForCO,Y,
Michael,,Bennet,,Senator,CO,BennetForCO,D,Campaign,SenBennetCO,N,
Bill,,Nelson,,Senator,FL,SenBillNelson,D,Official,,Y,
Richard,"""Dick""",Blumenthal,,Senator,CT,SenBlumenthal,D,Official,dickblumenthal,Y,
Richard,"""Dick""",Blumenthal,,Senator,CT,dickblumenthal,D,Campaign,SenBlumenthal,N,
Robert,"""Bob""",Casey,Jr.,Senator,PA,SenBobCasey,D,Official,Bob_Casey,Y,
Robert,"""Bob""",Casey,Jr.,Senator,PA,Bob_Casey,D,Campaign,SenBobCasey,N,
Bob,,Corker,,Senator,TN,SenBobCorker,R,Official,corkerfortn,Y,
Bob,,Corker,,Senator,TN,corkerfortn,R,Campaign,SenBobCorker,N,
Carl,,Levin,,Senator,MI,SenCarlLevin,D,Official,,Y,
Dan,,Coats,,Senator,IN,SenDanCoats,R,Official,dancoats,Y,
Dan,,Coats,,Senator,IN,dancoats,R,Campaign,SenDanCoats,N,
Kirsten,,Gillibrand,,Senator,NY,SenGillibrand,D,Campaign,,Y,
Jeff,,Merkley,,Senator,OR,SenJeffMerkley,D,Official,JeffMerkley,Y,
Jeff,,Merkley,,Senator,OR,JeffMerkley,D,Campaign,SenJeffMerkley,N,
John,,Barrasso,,Senator,WY,SenJohnBarrasso,R,Official,barrassoforwyo,Y,
John,,Barrasso,,Senator,WY,barrassoforwyo,R,Campaign,SenJohnBarrasso,N,
John,,McCain,,Senator,AZ,SenJohnMcCain,R,Official,,Y,
Tim,,Johnson,,Senator,SD,SenJohnsonSD,D,Official,,Y,
John,,Thune,,Senator,SD,SenJohnThune,R,Official,johnthune,Y,
John,,Thune,,Senator,SD,johnthune,R,Campaign,SenJohnThune,N,
Jon,,Kyl,,Senator,AZ,senjonkyl,R,Official,,Y,
Mike,,Lee,,Senator,UT,SenMikeLee,R,Official,,Y,Campaign site links to official twitter
Pat,,Roberts,,Senator,KS,SenPatRoberts,R,Official,,Y,
Rand,,Paul,,Senator,KY,SenRandPaul,R,Official,DrRandPaul,Y,
Rand,,Paul,,Senator,KY,DrRandPaul,R,Campaign,SenRandPaul,N,
Ron,,Johnson,,Senator,WI,SenRonJohnson,R,Official,ron4senate,Y,
Ron,,Johnson,,Senator,WI,ron4senate,R,Campaign,SenRonJohnson,N,
Bernard,"""Bernie""",Sanders,,Senator,VT,SenSanders,I,Official,FriendsOfBernie,Y,
Bernard,"""Bernie""",Sanders,,Senator,VT,FriendsOfBernie,I,Campaign,SenSanders,N,
Richard,,Shelby,,Senator,AL,SenShelbyPress,R,Official,,Y,
Sherrod,,Brown,,Senator,OH,SenSherrodBrown,D,Official,sherrodbrown,Y,
Sherrod,,Brown,,Senator,OH,sherrodbrown,D,Campaign,SenSherrodBrown,N,
Pat,,Toomey,,Senator,PA,SenToomey,R,Official,ToomeyForSenate,Y,
Pat,,Toomey,,Senator,PA,ToomeyForSenate,R,Campaign,SenToomey,N,
Silvestre,,Reyes,,House Representative,TX,SilvestreReyes,D,Official,reyesworks,Y,
Silvestre,,Reyes,,House Representative,TX,reyesworks,D,Campaign,SilvestreReyes,N,
John,,Boehner,,House Representative,OH,SpeakerBoehner,R,Official,johnboehner,Y,
John,,Boehner,,House Representative,OH,johnboehner,R,Campaign,SpeakerBoehner,N,
Debbie,,Stabenow,,Senator,MI,StabenowPress,D,Official,teamstabenow|stabenow,Y,
Debbie,,Stabenow,,Senator,MI,teamstabenow,D,Campaign,StabenowPress|stabenow,N,
Debbie,,Stabenow,,Senator,MI,stabenow,D,Personal,teamstabenow|StabenowPress,N,
Steve,,Austria,,House Representative,OH,SteveAustria,R,Official,,Y,
Steve,,King,,House Representative,IA,SteveKingIA,R,Official,,Y,
Steven,,LaTourette,,House Representative,OH,SteveLaTourette,R,Official,,Y,
Steven,,Palazzo,,House Representative,MS,StevenPalazzo,R,Campaign,congpalazzo,Y,
Steven,,Palazzo,,House Representative,MS,congpalazzo,R,Official,StevenPalazzo,N,
Sue,,Myrick,,House Representative,NC,SueMyrick,R,Official,,Y,
Sunlight,,Foundation,,,,sunlightwoops,,,,Y,
Trey,,Gowdy,,House Representative,SC,TGowdySC,R,Official,tgowdy,Y,
Trey,,Gowdy,,House Representative,SC,tgowdy,R,Campaign,TGowdySC,N,
,,,,,,ThadMcCotter,R,,,Y,Resigned in July 2012
Herman,,Cain,,Presidential Challenger,,THEHermanCain,R,Personal,cainpress,Y,Presidential Challenger
Tim,,Pawlenty,,Presidential Challenger,,timpawlenty,R,Campaign,,Y,Presidential Challenger
Scott,,DesJarlais,,House Representative,TN,DesJarlaisTN04,R,Official,tndesjarlais,N,
Scott,,DesJarlais,,House Representative,TN,tndesjarlais,R,Campaign,DesJarlaisTN04,Y,
Todd,,Akin,,House Representative,MO,reptoddakin,R,Official,ToddAkin,N,
Todd,,Akin,,House Representative,MO,ToddAkin,R,Campaign,reptoddakin,Y,Running for Senate
Todd,,Rokita,,House Representative,IN,ToddRokita,R,Official,rokitacongress,Y,
Todd,,Rokita,,House Representative,IN,rokitacongress,R,Campaign,ToddRokita,N,
Tom,,Coburn,,Senator,OK,TomCoburn,R,Official,,Y,
Tom,,Latham,,House Representative,IA,TomLatham,R,Official,Latham4Congress,Y,
Tom,,Latham,,House Representative,IA,Latham4Congress,R,Campaign,TomLatham,N,
Tom,,Reed,,House Representative,NY,RepTomReed,R,Official,TomReedCongress,N,
Tom,,Reed,,House Representative,NY,TomReedCongress,R,Campaign,RepTomReed,Y,
Tom,,Rooney,,House Representative,FL,TomRooney,R,Official,Rooney4Congress,Y,
Tom,,Rooney,,House Representative,FL,Rooney4Congress,R,Campaign,TomRooney,N,
Charlie,,Gonzalez,,House Representative,TX,TX20CharlieG,D,Official,,Y,
,,,,,,USRep_Keating,D,,,Y,Wrong account - please delete
William,"""Bill""",Keating,,House Representative,MA,USRepKeating,D,Official,WilliamKeating,N,
William,"""Bill""",Keating,,House Representative,MA,WilliamKeating,D,Campaign,USRepKeating,N,
Rodney,,Alexander,,House Representative,LA,USRepAlexander,R,Official,,Y,
Bob,,Turner,,House Representative,NY,USRepBobTurner,R,Official,BobTurnerNY,Y,
Bob,,Turner,,House Representative,NY,BobTurnerNY,R,Campaign,USRepBobTurner,N,
Mike,,Doyle,,House Representative,PA,USRepMikeDoyle,D,Official,,Y,
Ruben,,Hinojosa,,House Representative,TX,USRepRHinojosa,D,Official,Ruben_Hinojosa,Y,
Ruben,,Hinojosa,,House Representative,TX,Ruben_Hinojosa,D,Campaign,USRepRHinojosa,N,
John,,Sullivan,,House Representative,OK,USRepSullivan,R,Official,TEAMSullivan,Y,
John,,Sullivan,,House Representative,OK,TEAMSullivan,R,Campaign,USRepSullivan,N,
Scott,,Brown,,Senator,MA,USSenScottBrown,R,Official,ScottBrownMA,Y,
Scott,,Brown,,Senator,MA,ScottBrownMA,R,Campaign,USSenScottBrown,N,
Vern,,Buchanan,,House Representative,FL,VernBuchanan,R,Official,vern2012,Y,
Vern,,Buchanan,,House Representative,FL,vern2012,R,Campaign,VernBuchanan,N,
,,,,,,vernwuensche,R,,,Y,DELETE
Virginia,,Foxx,,House Representative,NC,virginiafoxx,R,Official,foxxforcongress,Y,
Virginia,,Foxx,,House Representative,NC,foxxforcongress,R,Campaign,virginiafoxx,N,
Steny,,Hoyer,,House Representative,MD,WhipHoyer,D,Official,StenyHoyer,Y,
Steny,,Hoyer,,House Representative,MD,StenyHoyer,D,Campaign,WhipHoyer,N,
White,,House Representative,,,DC,whitehouse,D,Official,,Y,
Yvette,D.,Clarke,,House Representative,NY,YvetteClarke,D,Official,VoteYvette,Y,
Yvette,D.,Clarke,,House Representative,NY,VoteYvette,D,Campaign,YvetteClarke,N,
Robert,,Bentley,,Governor,AL,GovernorBentley,R,Official,,Y,
Sean,,Parnell,,Governor,AK,AKgovParnell,R,Official,,Y,
Jan,,Brewer,,Governor,AZ,govbrewer,R,Official,teambrewer,Y,
Jan,,Brewer,,Governor,AZ,teambrewer,R,Campaign,govbrewer,N,
Mike,,Beebe,,Governor,AR,GovBeebeMedia,D,Official,,Y,
Edmund,"""Jerry""",Brown,,Governor,CA,jerrybrowngov,D,Campaign,,Y,
John,,Hickenlooper,,Governor,CO,hickforco,D,Official,,Y,
Dan,,Malloy,,Governor,CT,GovMalloyOffice,D,Official,,Y,
Jack,,Markell,,Governor,DE,governormarkell,D,Official,WeBackJack,Y,
Jack,,Markell,,Governor,DE,WeBackJack,D,Campaign,governormarkell,N,
Rick ,,Scott,,Governor,FL,FLGovScott,R,Official,ScottforFlorida,Y,
Rick ,,Scott,,Governor,FL,ScottforFlorida,R,Campaign,FLGovScott,N,
Nathan,,Deal,,Governor,GA,governordeal,R,Official,,Y,
Eddie,Baza,Calvo,,Governor,GU,eddiebazacalvo,R,Official,,Y,Error in politwoops
Neil,,Abercrombie,,Governor,HI,neilabercrombie,D,Official,,Y,
C. L.,"""Butch""",Otter,,Governor,ID,butchotter,R,Official,,Y,
Pat,,Quinn,,Governor,IL,governorquinn,D,Official,QuinnForIL,Y,
Pat,,Quinn,,Governor,IL,QuinnForIL,D,Campaign,governorquinn,N,
Mitch,,Daniels,,Governor,IN,mymanmitch,R,Official,,Y,
Terry,E.,Branstad,,Governor,IA,terrybranstad,R,Official,,Y,
Sam,,Brownback,,Governor,KS,govsambrownback,R,Official,,Y,
Steven,L.,Beshear,,Governor,KY,govstevebeshear,D,Official,,Y,
Bobby,,Jindal,,Governor,LA,BOBBYJINDAL,R,Campaign,,Y,
Martin,,O'Malley,,Governor,MD,governoromalley,D,Official,,Y,
Deval,,Patrick,,Governor,MA,massgovernor,D,Official,devalpatrick,Y,
Deval,,Patrick,,Governor,MA,devalpatrick,D,Campaign,massgovernor,N,
Rick,,Snyder,,Governor,MI,onetoughnerd,R,Official,RickForMI,Y,
Rick,,Snyder,,Governor,MI,RickForMI,R,Campaign,onetoughnerd,N,
Mark,,Dayton,,Governor,MN,GovMarkDayton,D,Official,Mark_Dayton,Y,
Mark,,Dayton,,Governor,MN,Mark_Dayton,D,Campaign,GovMarkDayton,N,
Phil,,Bryant,,Governor,MS,PhilBryantMS,R,Official,,Y,
Brian,,Schweitzer,,Governor,MT,brianschweitzer,D,Official,,Y,
Dave,,Heineman,,Governor,NE,Gov_Heineman,R,Official,,Y,
Brian,,Sandoval,,Governor,NV,GovSandoval,R,Official,BrianSandoval,N,
Brian,,Sandoval,,Governor,NV,BrianSandoval,R,Campaign,GovSandoval,Y,
John,,Lynch,,Governor,NH,GovJohnLynch,D,Official,,Y,
Christopher,,Christie,,Governor,NJ,GovChristie,R,Official,,Y,
Susana,,Martinez,,Governor,NM,gov_martinez,R,Campaign,,N,
Andrew,,Cuomo,,Governor,NY,nygovcuomo,D,Official,,Y,
Bev,,Perdue,,Governor,NC,ncgovoffice,D,Official,,Y,
Jack,,Dalrymple,,Governor,ND,DalrympleforGov,R,Official,,Y,
John,,Kasich,,Governor,OH,JohnKasich,R,Personal,OHPressSec,Y,
John,,Kasich,,Governor,OH,OHPressSec,R,Official,JohnKasich,N,
Mary,,Fallin,,Governor,OK,govmaryfallin,R,Official,,Y,
John,A.,Kitzhaber,M.D.,Governor,OR,govkitz,D,Official,,Y,
Tom,,Corbett,,Governor,PA,governorcorbett,R,Official,,Y,
Luis,G.,Fortuño,,Governor,PR,luisfortuno51,R,Campaign,,Y,
Lincoln,,Chafee,,Governor,RI,lincolnchafee,I,Official,,Y,
Nikki,R.,Haley,,Governor,SC,SCGOVOFFICE,R,Official,nikkihaley,Y,
Nikki,R.,Haley,,Governor,SC,nikkihaley,R,Campaign,SCGOVOFFICE,N,
Dennis,,Daugaard,,Governor,SD,sdgovdaugaard,R,Official,dennisdaugaard,Y,
Dennis,,Daugaard,,Governor,SD,dennisdaugaard,R,Campaign,sdgovdaugaard,N,
Bill,,Haslam,,Governor,TN,billhaslam,R,Official,,Y,
Rick,,Perry,,Governor,TX,TexGov,R,Official,GovernorPerry|TeamRickPerry|PerryTruthTeam,Y,
Rick,,Perry,,Governor,TX,GovernorPerry,R,Personal,TexGov|TeamRickPerry|PerryTruthTeam,Y,
Rick,,Perry,,Governor,TX,TeamRickPerry,R,Campaign,TexGov|GovernorPerry|PerryTruthTeam,Y,
Rick,,Perry,,Governor,TX,PerryTruthTeam,R,Campaign,TexGov|GovernorPerry|TeamRickPerry,N,
Gary,Richard,Herbert,,Governor,UT,governorherbert,R,Official,herbertforutah,Y,
Gary,Richard,Herbert,,Governor,UT,herbertforutah,R,Campaign,governorherbert,N,
Peter,,Shumlin,,Governor,VT,govpetershumlin,D,Official,petershumlin,Y,
Peter,,Shumlin,,Governor,VT,petershumlin,D,Campaign,govpetershumlin,Y,
John,,deJongh,Jr.,Governor,VI,governordejongh,D,Official,,N,
Robert,"""Bob""",McDonnell,,Governor,VA,governorva,R,Official,BobMcDonnell,Y,
Robert,"""Bob""",McDonnell,,Governor,VA,BobMcDonnell,R,Campaign,governorva,N,
Chris,,Gregoire,,Governor,WA,govgregoire,D,Official,,Y,
Earl,Ray,Tomblin,,Governor,WV,ertwv,D,Campaign,,Y,
Scott,,Walker,,Governor,WI,govwalker,R,Official,,Y,
